{
    "image_width": 1920,
    "image_height": 1200,
    "cam_to_front": 1.65403579428279,
    "cam_to_left": 1.04999995231628,
    "cam_to_right": 0.649999976158142,
    "camera_height": 1.15793943405151,
    "camera_matrix": [
        2186.361795,
        0.0,
        958.115592,
        0.0,
        2199.710336,
        588.596026,
        0.0,
        0.0,
        1.0
    ],
    "distortion_coefficients": [
        -0.050633,
        0.201346,
        -0.000971,
        -8.6e-05,
        -0.158694
    ],
    "rotation_matrix": [
        -0.0662681373793971,
        -0.997275120955904,
        -0.032417080230224,
        0.0065813434415726,
        0.0320509246333694,
        -0.999464568731003,
        0.997780146067644,
        -0.0664460032848741,
        0.00443945500000585
    ]
}
